datetime,weekly_total_mwh
2019-01-06,2462155.0
2019-01-13,3115621.0
2019-01-20,3174053.0
2019-01-27,3232842.0
2019-02-03,3328057.0
2019-02-10,2967763.0
2019-02-17,3031622.0
2019-02-24,2999483.0
2019-03-03,3074271.0
2019-03-10,3106145.0
2019-03-17,2835518.0
2019-03-24,2840183.0
2019-03-31,2732059.0
2019-04-07,2700264.0
2019-04-14,2617210.0
2019-04-21,2541292.0
2019-04-28,2526842.0
2019-05-05,2558411.0
2019-05-12,2524681.0
2019-05-19,2573935.0
2019-05-26,2668523.0
2019-06-02,2733078.0
2019-06-09,2844481.0
2019-06-16,2774332.0
2019-06-23,2984952.0
2019-06-30,3502796.0
2019-07-07,3602973.0
2019-07-14,3641982.0
2019-07-21,4063356.0
2019-07-28,3617999.0
2019-08-04,3831729.0
2019-08-11,3422128.0
2019-08-18,3506421.0
2019-08-25,3509696.0
2019-09-01,3026665.0
2019-09-08,2952565.0
2019-09-15,3023943.0
2019-09-22,2825874.0
2019-09-29,2995110.0
2019-10-06,2798732.0
2019-10-13,2597420.0
2019-10-20,2588937.0
2019-10-27,2591271.0
2019-11-03,2618282.0
2019-11-10,2751046.0
2019-11-17,2924562.0
2019-11-24,2856293.0
2019-12-01,2784021.0
2019-12-08,3039285.0
2019-12-15,2979970.0
2019-12-22,3183973.0
2019-12-29,2803616.0
2020-01-05,2837900.0
2020-01-12,2942743.0
2020-01-19,2979703.0
2020-01-26,3031953.0
2020-02-02,2958816.0
2020-02-09,2931335.0
2020-02-16,2971639.0
2020-02-23,2909039.0
2020-03-01,2876298.0
2020-03-08,2748511.0
2020-03-15,2638034.0
2020-03-22,2608125.0
2020-03-29,2533037.0
2020-04-05,2435613.0
2020-04-12,2373782.0
2020-04-19,2413937.0
2020-04-26,2429024.0
2020-05-03,2352708.0
2020-05-10,2363142.0
2020-05-17,2367221.0
2020-05-24,2344242.0
2020-05-31,2658764.0
2020-06-07,2716412.0
2020-06-14,2883443.0
2020-06-21,2953663.0
2020-06-28,3388432.0
2020-07-05,3361362.0
2020-07-12,3703753.0
2020-07-19,3542366.0
2020-07-26,3897261.0
2020-08-02,3901501.0
2020-08-09,3404370.0
2020-08-16,3694026.0
2020-08-23,3209868.0
2020-08-30,3429902.0
2020-09-06,3103265.0
2020-09-13,3061334.0
2020-09-20,2596889.0
2020-09-27,2635855.0
2020-10-04,2686370.0
2020-10-11,2517075.0
2020-10-18,2532877.0
2020-10-25,2589268.0
2020-11-01,2664971.0
2020-11-08,2614669.0
2020-11-15,2603773.0
2020-11-22,2707856.0
2020-11-29,2601579.0
2020-12-06,2779937.0
2020-12-13,2888138.0
2020-12-20,3087998.0
2020-12-27,2874881.0
2021-01-03,2870262.0
2021-01-10,2955307.0
2021-01-17,2920630.0
2021-01-24,2976729.0
2021-01-31,3176880.0
2021-02-07,3072251.0
2021-02-14,3156337.0
2021-02-21,3064415.0
2021-02-28,2872305.0
2021-03-07,2904453.0
2021-03-14,2662635.0
2021-03-21,2796520.0
2021-03-28,2485177.0
2021-04-04,2538400.0
2021-04-11,2404600.0
2021-04-18,2486674.0
2021-04-25,2479381.0
2021-05-02,2446736.0
2021-05-09,2425600.0
2021-05-16,2416477.0
2021-05-23,2763657.0
2021-05-30,2726409.0
2021-06-06,2774732.0
2021-06-13,3307690.0
2021-06-20,2948373.0
2021-06-27,3182196.0
2021-07-04,3608222.0
2021-07-11,3408902.0
2021-07-18,3601131.0
2021-07-25,3325253.0
2021-08-01,3272062.0
2021-08-08,3165229.0
2021-08-15,3779187.0
2021-08-22,3523200.0
2021-08-29,3724957.0
2021-09-05,3078809.0
2021-09-12,2947596.0
2021-09-19,3198648.0
2021-09-26,2890768.0
2021-10-03,2601623.0
2021-10-10,2679848.0
2021-10-17,2691755.0
2021-10-24,2539081.0
2021-10-31,2582599.0
2021-11-07,2604550.0
2021-11-14,2611927.0
2021-11-21,2727909.0
2021-11-28,2760136.0
2021-12-05,2872904.0
2021-12-12,2890889.0
2021-12-19,2803424.0
2021-12-26,2907447.0
2022-01-02,2775515.0
2022-01-09,3086416.0
2022-01-16,3208281.0
2022-01-23,3187024.0
2022-01-30,3251192.0
2022-02-06,3152995.0
2022-02-13,2946191.0
2022-02-20,3057857.0
2022-02-27,2902624.0
2022-03-06,2889724.0
2022-03-13,2805692.0
2022-03-20,2585697.0
2022-03-27,2612218.0
2022-04-03,2763073.0
2022-04-10,2593831.0
2022-04-17,2460988.0
2022-04-24,2491213.0
2022-05-01,2450228.0
2022-05-08,2450443.0
2022-05-15,2516065.0
2022-05-22,2672018.0
2022-05-29,2641168.0
2022-06-05,2894962.0
2022-06-12,2862417.0
2022-06-19,2991857.0
2022-06-26,2995323.0
2022-07-03,3289635.0
2022-07-10,3217891.0
2022-07-17,3452530.0
2022-07-24,3991570.0
2022-07-31,3629872.0
2022-08-07,3853007.0
2022-08-14,3637696.0
2022-08-21,3303387.0
2022-08-28,3533431.0
2022-09-04,3365539.0
2022-09-11,3054725.0
2022-09-18,2922858.0
2022-09-25,2789478.0
2022-10-02,2513090.0
2022-10-09,2528919.0
2022-10-16,2481109.0
2022-10-23,2528482.0
2022-10-30,2536890.0
2022-11-06,2531133.0
2022-11-13,2554998.0
2022-11-20,2798980.0
2022-11-27,2694615.0
2022-12-04,2813067.0
2022-12-11,2831099.0
2022-12-18,3015450.0
2022-12-25,3096668.0
2023-01-01,2863127.0
2023-01-08,2750820.0
2023-01-15,2936067.0
2023-01-22,2898264.0
2023-01-29,2908443.0
2023-02-05,3088944.0
2023-02-12,2823507.0
2023-02-19,2675120.0
2023-02-26,2842266.0
2023-03-05,2825385.0
2023-03-12,2776174.0
2023-03-19,2753095.0
2023-03-26,2603236.0
2023-04-02,2580139.0
2023-04-09,2456112.0
2023-04-16,2469483.0
2023-04-23,2416678.0
2023-04-30,2464176.0
2023-05-07,2428861.0
2023-05-14,2461063.0
2023-05-21,2418383.0
2023-05-28,2416869.0
2023-06-04,2675736.0
2023-06-11,2537934.0
2023-06-18,2735135.0
2023-06-25,2883494.0
2023-07-02,3160388.0
2023-07-09,3581357.0
2023-07-16,3597365.0
2023-07-23,3466782.0
2023-07-30,3633481.0
2023-08-06,3077334.0
2023-08-13,3261754.0
2023-08-20,3178768.0
2023-08-27,3113177.0
2023-09-03,2965252.0
2023-09-10,3711502.0
2023-09-17,2919751.0
2023-09-24,2594457.0
2023-10-01,2494743.0
2023-10-08,2718055.0
2023-10-15,2475079.0
2023-10-22,2526253.0
2023-10-29,2550102.0
2023-11-05,2613678.0
2023-11-12,2646508.0
2023-11-19,2665559.0
2023-11-26,2717664.0
2023-12-03,2858992.0
2023-12-10,2861574.0
2023-12-17,2852511.0
2023-12-24,2931453.0
2023-12-31,2687748.0
2024-01-07,2950155.0
2024-01-14,2896965.0
2024-01-21,3270158.0
2024-01-28,2985831.0
2024-02-04,2952015.0
2024-02-11,2803402.0
2024-02-18,2972173.0
2024-02-25,2864275.0
2024-03-03,2751988.0
2024-03-10,2637833.0
2024-03-17,2528418.0
2024-03-24,2767242.0
2024-03-31,2587256.0
2024-04-07,2632636.0
2024-04-14,2475559.0
2024-04-21,2449109.0
2024-04-28,2377193.0
2024-05-05,2427141.0
2024-05-12,2439296.0
2024-05-19,2458714.0
2024-05-26,2807502.0
2024-06-02,2682313.0
2024-06-09,3034402.0
2024-06-16,2852869.0
2024-06-23,3710835.0
2024-06-30,3298835.0
2024-07-07,3362145.0
2024-07-14,3888264.0
2024-07-21,3693323.0
2024-07-28,3437483.0
2024-08-04,3820690.0
2024-08-11,3364677.0
2024-08-18,3223495.0
2024-08-25,2889689.0
2024-09-01,3282808.0
2024-09-08,2734011.0
2024-09-15,2789221.0
2024-09-22,2887428.0
2024-09-29,2685002.0
2024-10-06,2558079.0
2024-10-13,2455545.0
2024-10-20,2507852.0
2024-10-27,2516817.0
2024-11-03,2562353.0
2024-11-10,2591322.0
2024-11-17,2633002.0
2024-11-24,2667594.0
2024-12-01,2739253.0
2024-12-08,3061491.0
2024-12-15,2999910.0
2024-12-22,3046300.0
2024-12-29,3093975.0
2025-01-05,2912674.0
2025-01-12,3274180.0
2025-01-19,3110749.0
2025-01-26,3359440.0
2025-02-02,3121868.0
2025-02-09,3109259.0
2025-02-16,3141262.0
2025-02-23,3179565.0
2025-03-02,2824863.0
2025-03-09,2840676.0
2025-03-16,2558894.0
2025-03-23,2531672.0
2025-03-30,2626107.0
2025-04-06,2544275.0
2025-04-13,2661990.0
2025-04-20,2437161.0
2025-04-27,2423158.0
2025-05-04,2448670.0
2025-05-11,2468645.0
2025-05-18,2577298.0
2025-05-25,2462178.0
2025-06-01,2423215.0
2025-06-08,2779458.0
2025-06-15,2760552.0
2025-06-22,3070224.0
2025-06-29,3727741.0
2025-07-06,3434848.0
2025-07-13,3789794.0
2025-07-20,3744400.0
2025-07-27,3503034.0
2025-08-03,3554084.0
2025-08-10,3225205.0
2025-08-17,3664485.0
2025-08-24,2870971.0
2025-08-31,2728520.0
2025-09-07,2789972.0
2025-09-14,2620759.0
2025-09-21,2695324.0
2025-09-28,2857369.0
2025-10-05,2552586.0
2025-10-12,2555243.0
2025-10-19,2457851.0
2025-10-26,2491158.0
2025-11-02,2572966.0
2025-11-09,2596026.0
2025-11-16,2769439.0
2025-11-23,2800109.0
2025-11-30,2745069.0
2025-12-07,3061472.0
2025-12-14,3228995.0
2025-12-21,3157942.0
2025-12-28,3092334.0
2026-01-04,3207183.0
2026-01-11,3003722.0
2026-01-18,3064639.0
2026-01-25,3376143.0
2026-02-01,3594866.0
2026-02-08,3450493.0
2026-02-15,3118527.0
2026-02-22,3001802.0
2026-03-01,2998646.0
2026-03-08,2907166.0
2026-03-15,2648042.0
2026-03-22,2748464.0
2026-03-29,2593343.0
2026-04-05,2483857.0
2026-04-12,2421775.0
2026-04-19,2547494.0
2026-04-26,2395940.0
2026-05-03,2344724.0
2026-05-10,2374497.0
2026-05-17,2355819.0
2026-05-24,2791755.0
2026-05-31,2437761.0
2026-06-07,2715050.0
2026-06-14,3245392.0
2026-06-21,2840825.0
2026-06-28,2939718.0
2026-07-05,3844381.0
2026-07-12,3254941.0
2026-07-19,3474633.0
2026-07-26,3041465.0
2026-08-02,3312616.0
2026-08-09,3587884.0
2026-08-16,3390083.0
2026-08-23,3164561.0
2026-08-30,2996251.0
2026-09-06,1330143.0
